Year,Month,Day,PSI_24_hourly
2009,1,1,19
2009,1,2,20
2009,1,3,16
2009,1,4,14
2009,1,5,20
2009,1,6,24
2009,1,7,26
2009,1,8,33
2009,1,9,39
2009,1,10,43
2009,1,11,44
2009,1,12,46
2009,1,13,42
2009,1,14,42
2009,1,15,45
2009,1,16,42
2009,1,17,42
2009,1,18,37
2009,1,19,34
2009,1,20,34
2009,1,21,34
2009,1,22,26
2009,1,23,20
2009,1,24,21
2009,1,25,21
2009,1,26,16
2009,1,27,34
2009,1,28,25
2009,1,29,27
2009,1,30,30
2009,1,31,27
2009,2,1,26
2009,2,2,26
2009,2,3,32
2009,2,4,26
2009,2,5,28
2009,2,6,30
2009,2,7,38
2009,2,8,31
2009,2,9,34
2009,2,10,26
2009,2,11,26
2009,2,12,37
2009,2,13,45
2009,2,14,45
2009,2,15,52
2009,2,16,53
2009,2,17,37
2009,2,18,25
2009,2,19,21
2009,2,20,27
2009,2,21,25
2009,2,22,26
2009,2,23,20
2009,2,24,20
2009,2,25,25
2009,2,26,26
2009,2,27,26
2009,2,28,23
2009,3,1,18
2009,3,2,17
2009,3,3,17
2009,3,4,24
2009,3,5,26
2009,3,6,26
2009,3,7,30
2009,3,8,37
2009,3,9,22
2009,3,10,22
2009,3,11,25
2009,3,12,26
2009,3,13,26
2009,3,14,26
2009,3,15,20
2009,3,16,21
2009,3,17,31
2009,3,18,23
2009,3,19,22
2009,3,20,32
2009,3,21,34
2009,3,22,22
2009,3,23,31
2009,3,24,24
2009,3,25,32
2009,3,26,30
2009,3,27,31
2009,3,28,27
2009,3,29,25
2009,3,30,20
2009,3,31,27
2009,4,1,30
2009,4,2,32
2009,4,3,28
2009,4,4,18
2009,4,5,23
2009,4,6,23
2009,4,7,35
2009,4,8,36
2009,4,9,22
2009,4,10,24
2009,4,11,22
2009,4,12,27
2009,4,13,18
2009,4,14,29
2009,4,15,23
2009,4,16,19
2009,4,17,25
2009,4,18,34
2009,4,19,32
2009,4,20,35
2009,4,21,27
2009,4,22,22
2009,4,23,28
2009,4,24,26
2009,4,25,28
2009,4,26,25
2009,4,27,37
2009,4,28,31
2009,4,29,38
2009,4,30,35
2009,5,1,26
2009,5,2,31
2009,5,3,23
2009,5,4,20
2009,5,5,27
2009,5,6,27
2009,5,7,23
2009,5,8,28
2009,5,9,26
2009,5,10,24
2009,5,11,35
2009,5,12,43
2009,5,13,22
2009,5,14,22
2009,5,15,37
2009,5,16,39
2009,5,17,38
2009,5,18,33
2009,5,19,53
2009,5,20,40
2009,5,21,38
2009,5,22,41
2009,5,23,22
2009,5,24,33
2009,5,25,27
2009,5,26,28
2009,5,27,39
2009,5,28,26
2009,5,29,33
2009,5,30,39
2009,5,31,26
2009,6,1,22
2009,6,2,26
2009,6,3,20
2009,6,4,17
2009,6,5,23
2009,6,6,27
2009,6,7,24
2009,6,8,36
2009,6,9,24
2009,6,10,24
2009,6,11,21
2009,6,12,30
2009,6,13,24
2009,6,14,30
2009,6,15,24
2009,6,16,32
2009,6,17,20
2009,6,18,22
2009,6,19,23
2009,6,20,27
2009,6,21,25
2009,6,22,28
2009,6,23,31
2009,6,24,37
2009,6,25,33
2009,6,26,26
2009,6,27,36
2009,6,28,25
2009,6,29,35
2009,6,30,26
2009,7,1,28
2009,7,2,25
2009,7,3,24
2009,7,4,27
2009,7,5,21
2009,7,6,23
2009,7,7,35
2009,7,8,33
2009,7,9,34
2009,7,10,41
2009,7,11,36
2009,7,12,41
2009,7,13,27
2009,7,14,30
2009,7,15,30
2009,7,16,34
2009,7,17,35
2009,7,18,42
2009,7,19,35
2009,7,20,37
2009,7,21,34
2009,7,22,33
2009,7,23,42
2009,7,24,32
2009,7,25,33
2009,7,26,28
2009,7,27,23
2009,7,28,25
2009,7,29,23
2009,7,30,29
2009,7,31,37
2009,8,1,39
2009,8,2,38
2009,8,3,40
2009,8,4,43
2009,8,5,49
2009,8,6,58
2009,8,7,48
2009,8,8,48
2009,8,9,51
2009,8,10,34
2009,8,11,43
2009,8,12,27
2009,8,13,29
2009,8,14,35
2009,8,15,42
2009,8,16,29
2009,8,17,32
2009,8,18,34
2009,8,19,28
2009,8,20,33
2009,8,21,42
2009,8,22,40
2009,8,23,33
2009,8,24,30
2009,8,25,29
2009,8,26,26
2009,8,27,26
2009,8,28,19
2009,8,29,28
2009,8,30,28
2009,8,31,32
2009,9,1,41
2009,9,2,26
2009,9,3,38
2009,9,4,39
2009,9,5,29
2009,9,6,27
2009,9,7,41
2009,9,8,41
2009,9,9,43
2009,9,10,42
2009,9,11,41
2009,9,12,40
2009,9,13,49
2009,9,14,41
2009,9,15,53
2009,9,16,59
2009,9,17,46
2009,9,18,24
2009,9,19,38
2009,9,20,32
2009,9,21,36
2009,9,22,35
2009,9,23,45
2009,9,24,37
2009,9,25,44
2009,9,26,49
2009,9,27,53
2009,9,28,34
2009,9,29,42
2009,9,30,48
2009,10,1,53
2009,10,2,54
2009,10,3,51
2009,10,4,24
2009,10,5,22
2009,10,6,26
2009,10,7,28
2009,10,8,30
2009,10,9,34
2009,10,10,35
2009,10,11,34
2009,10,12,42
2009,10,13,33
2009,10,14,21
2009,10,15,32
2009,10,16,41
2009,10,17,38
2009,10,18,28
2009,10,19,46
2009,10,20,34
2009,10,21,41
2009,10,22,46
2009,10,23,50
2009,10,24,53
2009,10,25,47
2009,10,26,38
2009,10,27,39
2009,10,28,38
2009,10,29,48
2009,10,30,26
2009,10,31,21
2009,11,1,28
2009,11,2,27
2009,11,3,28
2009,11,4,21
2009,11,5,21
2009,11,6,28
2009,11,7,34
2009,11,8,31
2009,11,9,25
2009,11,10,26
2009,11,11,50
2009,11,12,51
2009,11,13,33
2009,11,14,23
2009,11,15,21
2009,11,16,21
2009,11,17,21
2009,11,18,30
2009,11,19,23
2009,11,20,18
2009,11,21,22
2009,11,22,18
2009,11,23,15
2009,11,24,27
2009,11,25,26
2009,11,26,24
2009,11,27,24
2009,11,28,22
2009,11,29,15
2009,11,30,21
2009,12,1,26
2009,12,2,23
2009,12,3,20
2009,12,4,21
2009,12,5,24
2009,12,6,23
2009,12,7,34
2009,12,8,31
2009,12,9,29
2009,12,10,27
2009,12,11,30
2009,12,12,24
2009,12,13,26
2009,12,14,23
2009,12,15,23
2009,12,16,23
2009,12,17,20
2009,12,18,20
2009,12,19,16
2009,12,20,13
2009,12,21,20
2009,12,22,28
2009,12,23,30
2009,12,24,26
2009,12,25,17
2009,12,26,24
2009,12,27,22
2009,12,28,25
2009,12,29,26
2009,12,30,28
2009,12,31,29
2010,1,1,29
2010,1,2,20
2010,1,3,19
2010,1,4,17
2010,1,5,20
2010,1,6,21
2010,1,7,19
2010,1,8,18
2010,1,9,26
2010,1,10,28
2010,1,11,26
2010,1,12,29
2010,1,13,28
2010,1,14,33
2010,1,15,39
2010,1,16,39
2010,1,17,38
2010,1,18,26
2010,1,19,38
2010,1,20,41
2010,1,21,38
2010,1,22,29
2010,1,23,25
2010,1,24,17
2010,1,25,21
2010,1,26,25
2010,1,27,22
2010,1,28,29
2010,1,29,31
2010,1,30,28
2010,1,31,31
2010,2,1,29
2010,2,2,32
2010,2,3,29
2010,2,4,26
2010,2,5,26
2010,2,6,31
2010,2,7,27
2010,2,8,29
2010,2,9,32
2010,2,10,25
2010,2,11,33
2010,2,12,30
2010,2,13,27
2010,2,14,27
2010,2,15,25
2010,2,16,25
2010,2,17,23
2010,2,18,25
2010,2,19,33
2010,2,20,28
2010,2,21,28
2010,2,22,37
2010,2,23,38
2010,2,24,32
2010,2,25,36
2010,2,26,29
2010,2,27,29
2010,2,28,27
2010,3,1,24
2010,3,2,33
2010,3,3,33
2010,3,4,38
2010,3,5,37
2010,3,6,36
2010,3,7,42
2010,3,8,38
2010,3,9,47
2010,3,10,36
2010,3,11,42
2010,3,12,33
2010,3,13,39
2010,3,14,27
2010,3,15,33
2010,3,16,30
2010,3,17,33
2010,3,18,40
2010,3,19,23
2010,3,20,16
2010,3,21,16
2010,3,22,18
2010,3,23,19
2010,3,24,25
2010,3,25,29
2010,3,26,37
2010,3,27,33
2010,3,28,29
2010,3,29,32
2010,3,30,32
2010,3,31,32
2010,4,1,29
2010,4,2,30
2010,4,3,20
2010,4,4,16
2010,4,5,24
2010,4,6,17
2010,4,7,19
2010,4,8,23
2010,4,9,22
2010,4,10,28
2010,4,11,37
2010,4,12,26
2010,4,13,27
2010,4,14,31
2010,4,15,25
2010,4,16,31
2010,4,17,44
2010,4,18,25
2010,4,19,27
2010,4,20,31
2010,4,21,39
2010,4,22,32
2010,4,23,38
2010,4,24,35
2010,4,25,27
2010,4,26,21
2010,4,27,30
2010,4,28,37
2010,4,29,32
2010,4,30,35
2010,5,1,22
2010,5,2,24
2010,5,3,21
2010,5,4,24
2010,5,5,26
2010,5,6,19
2010,5,7,20
2010,5,8,23
2010,5,9,38
2010,5,10,38
2010,5,11,56
2010,5,12,54
2010,5,13,54
2010,5,14,52
2010,5,15,32
2010,5,16,31
2010,5,17,22
2010,5,18,20
2010,5,19,17
2010,5,21,32
2010,5,22,24
2010,5,23,24
2010,5,24,26
2010,5,25,36
2010,5,26,23
2010,5,27,30
2010,5,28,28
2010,5,29,34
2010,5,30,39
2010,5,31,37
2010,6,1,42
2010,6,2,26
2010,6,3,27
2010,6,4,25
2010,6,5,35
2010,6,6,25
2010,6,7,20
2010,6,8,30
2010,6,9,41
2010,6,10,46
2010,6,11,21
2010,6,12,27
2010,6,13,35
2010,6,14,30
2010,6,15,29
2010,6,16,22
2010,6,17,32
2010,6,18,23
2010,6,19,23
2010,6,20,33
2010,6,21,21
2010,6,22,22
2010,6,23,19
2010,6,24,24
2010,6,25,18
2010,6,26,27
2010,6,27,18
2010,6,28,19
2010,6,29,25
2010,6,30,27
2010,7,1,27
2010,7,2,32
2010,7,3,22
2010,7,4,24
2010,7,5,19
2010,7,6,18
2010,7,7,20
2010,7,8,35
2010,7,9,37
2010,7,10,47
2010,7,11,41
2010,7,12,16
2010,7,13,27
2010,7,14,22
2010,7,15,17
2010,7,16,28
2010,7,17,18
2010,7,18,20
2010,7,19,21
2010,7,20,39
2010,7,21,26
2010,7,22,31
2010,7,23,30
2010,7,24,32
2010,7,25,37
2010,7,26,22
2010,7,27,23
2010,7,28,20
2010,7,29,29
2010,7,30,17
2010,7,31,21
2010,8,1,17
2010,8,2,23
2010,8,3,31
2010,8,4,22
2010,8,5,27
2010,8,6,20
2010,8,7,21
2010,8,8,26
2010,8,9,23
2010,8,10,24
2010,8,11,23
2010,8,12,36
2010,8,13,19
2010,8,14,26
2010,8,15,24
2010,8,16,34
2010,8,17,30
2010,8,18,26
2010,8,19,28
2010,8,20,22
2010,8,21,26
2010,8,22,25
2010,8,23,24
2010,8,24,23
2010,8,25,27
2010,8,26,27
2010,8,27,30
2010,8,28,29
2010,8,29,32
2010,8,30,20
2010,8,31,27
2010,9,1,22
2010,9,2,25
2010,9,3,22
2010,9,4,28
2010,9,5,25
2010,9,6,20
2010,9,7,34
2010,9,8,24
2010,9,9,31
2010,9,10,17
2010,9,11,23
2010,9,12,23
2010,9,13,27
2010,9,14,25
2010,9,15,25
2010,9,16,33
2010,9,17,30
2010,9,18,37
2010,9,19,25
2010,9,20,33
2010,9,21,42
2010,9,22,39
2010,9,23,45
2010,9,24,33
2010,9,25,32
2010,9,26,31
2010,9,27,38
2010,9,28,24
2010,9,29,37
2010,9,30,30
2010,10,1,30
2010,10,2,31
2010,10,3,21
2010,10,4,20
2010,10,5,22
2010,10,6,33
2010,10,7,37
2010,10,8,31
2010,10,9,46
2010,10,10,39
2010,10,11,33
2010,10,12,43
2010,10,13,36
2010,10,14,34
2010,10,15,38
2010,10,16,49
2010,10,17,51
2010,10,18,37
2010,10,19,44
2010,10,20,71
2010,10,21,78
2010,10,22,91
2010,10,23,77
2010,10,24,38
2010,10,25,23
2010,10,26,29
2010,10,27,20
2010,10,28,33
2010,10,29,25
2010,10,30,17
2010,10,31,23
2010,11,1,27
2010,11,2,20
2010,11,3,22
2010,11,4,29
2010,11,5,34
2010,11,6,35
2010,11,7,20
2010,11,8,19
2010,11,9,25
2010,11,10,34
2010,11,11,30
2010,11,12,25
2010,11,13,24
2010,11,14,29
2010,11,15,21
2010,11,16,21
2010,11,17,23
2010,11,18,31
2010,11,19,41
2010,11,20,43
2010,11,21,46
2010,11,22,34
2010,11,23,29
2010,11,24,45
2010,11,25,28
2010,11,26,25
2010,11,27,30
2010,11,28,34
2010,11,29,28
2010,11,30,28
2010,12,1,22
2010,12,2,27
2010,12,3,18
2010,12,4,17
2010,12,5,18
2010,12,6,22
2010,12,7,26
2010,12,8,17
2010,12,9,24
2010,12,10,39
2010,12,11,53
2010,12,12,36
2010,12,13,27
2010,12,14,30
2010,12,15,31
2010,12,16,21
2010,12,17,25
2010,12,18,18
2010,12,19,20
2010,12,20,18
2010,12,21,22
2010,12,22,20
2010,12,23,22
2010,12,24,23
2010,12,25,26
2010,12,26,26
2010,12,27,33
2010,12,28,28
2010,12,29,22
2010,12,30,18
2010,12,31,19
2011,1,1,21
2011,1,2,33
2011,1,3,27
2011,1,4,27
2011,1,5,24
2011,1,6,23
2011,1,7,15
2011,1,8,18
2011,1,9,27
2011,1,10,25
2011,1,11,20
2011,1,12,37
2011,1,13,42
2011,1,14,30
2011,1,15,30
2011,1,16,31
2011,1,17,33
2011,1,18,33
2011,1,19,32
2011,1,20,33
2011,1,21,32
2011,1,22,32
2011,1,23,28
2011,1,24,22
2011,1,25,21
2011,1,26,17
2011,1,27,19
2011,1,28,19
2011,1,29,28
2011,1,30,16
2011,1,31,13
2011,2,1,17
2011,2,2,29
2011,2,3,25
2011,2,4,30
2011,2,5,29
2011,2,6,29
2011,2,7,35
2011,2,8,44
2011,2,9,43
2011,2,10,46
2011,2,11,40
2011,2,12,34
2011,2,13,32
2011,2,14,28
2011,2,15,21
2011,2,16,26
2011,2,17,26
2011,2,18,25
2011,2,19,21
2011,2,20,17
2011,2,21,25
2011,2,22,20
2011,2,23,22
2011,2,24,30
2011,2,25,27
2011,2,26,26
2011,2,27,28
2011,2,28,29
2011,3,1,31
2011,3,2,36
2011,3,3,42
2011,3,4,34
2011,3,5,32
2011,3,6,37
2011,3,7,36
2011,3,8,31
2011,3,9,28
2011,3,10,20
2011,3,11,15
2011,3,12,18
2011,3,13,16
2011,3,14,22
2011,3,15,25
2011,3,16,25
2011,3,17,39
2011,3,18,23
2011,3,19,19
2011,3,20,22
2011,3,21,22
2011,3,22,23
2011,3,23,24
2011,3,24,27
2011,3,25,20
2011,3,26,30
2011,3,27,38
2011,3,28,23
2011,3,29,24
2011,3,30,24
2011,3,31,28
2011,4,1,26
2011,4,2,22
2011,4,3,28
2011,4,4,32
2011,4,5,31
2011,4,6,34
2011,4,7,33
2011,4,8,30
2011,4,9,29
2011,4,10,28
2011,4,11,25
2011,4,12,31
2011,4,13,30
2011,4,14,26
2011,4,15,26
2011,4,16,25
2011,4,17,39
2011,4,18,23
2011,4,19,28
2011,4,20,37
2011,4,21,44
2011,4,22,37
2011,4,23,20
2011,4,24,21
2011,4,25,24
2011,4,26,30
2011,4,27,29
2011,4,28,32
2011,4,29,28
2011,4,30,33
2011,5,1,29
2011,5,2,25
2011,5,3,27
2011,5,4,37
2011,5,5,36
2011,5,6,31
2011,5,7,34
2011,5,8,31
2011,5,9,36
2011,5,10,34
2011,5,11,31
2011,5,12,35
2011,5,13,57
2011,5,14,49
2011,5,15,35
2011,5,16,21
2011,5,17,41
2011,5,18,31
2011,5,19,42
2011,5,20,37
2011,5,21,32
2011,5,22,24
2011,5,23,16
2011,5,24,18
2011,5,25,29
2011,5,26,25
2011,5,27,29
2011,5,28,27
2011,5,29,28
2011,5,30,29
2011,5,31,34
2011,6,1,41
2011,6,2,48
2011,6,3,38
2011,6,4,36
2011,6,5,30
2011,6,6,25
2011,6,7,31
2011,6,8,25
2011,6,9,29
2011,6,10,33
2011,6,11,46
2011,6,12,31
2011,6,13,33
2011,6,14,33
2011,6,15,36
2011,6,16,30
2011,6,17,27
2011,6,18,25
2011,6,19,33
2011,6,20,27
2011,6,21,32
2011,6,22,28
2011,6,23,28
2011,6,24,29
2011,6,25,34
2011,6,26,31
2011,6,27,29
2011,6,28,30
2011,6,29,21
2011,6,30,25
2011,7,1,26
2011,7,2,20
2011,7,3,26
2011,7,4,39
2011,7,5,28
2011,7,6,28
2011,7,7,35
2011,7,8,33
2011,7,9,30
2011,7,10,31
2011,7,11,44
2011,7,12,22
2011,7,13,19
2011,7,14,24
2011,7,15,25
2011,7,16,16
2011,7,17,23
2011,7,18,22
2011,7,19,23
2011,7,20,27
2011,7,21,31
2011,7,22,25
2011,7,23,40
2011,7,24,22
2011,7,25,22
2011,7,26,31
2011,7,27,30
2011,7,28,26
2011,7,29,31
2011,7,30,29
2011,7,31,31
2011,8,1,28
2011,8,2,35
2011,8,3,36
2011,8,4,31
2011,8,5,35
2011,8,6,26
2011,8,7,23
2011,8,8,25
2011,8,9,31
2011,8,10,30
2011,8,11,39
2011,8,12,34
2011,8,13,33
2011,8,14,28
2011,8,15,30
2011,8,16,42
2011,8,17,31
2011,8,18,28
2011,8,19,33
2011,8,20,27
2011,8,21,31
2011,8,22,33
2011,8,23,40
2011,8,24,43
2011,8,25,35
2011,8,26,28
2011,8,27,41
2011,8,28,29
2011,8,29,36
2011,8,30,47
2011,8,31,27
2011,9,1,24
2011,9,2,25
2011,9,3,30
2011,9,4,32
2011,9,5,28
2011,9,6,31
2011,9,7,31
2011,9,8,39
2011,9,9,41
2011,9,10,37
2011,9,11,50
2011,9,12,55
2011,9,13,52
2011,9,14,24
2011,9,15,25
2011,9,16,22
2011,9,17,28
2011,9,18,34
2011,9,19,33
2011,9,20,35
2011,9,21,46
2011,9,22,30
2011,9,23,35
2011,9,24,37
2011,9,25,40
2011,9,26,37
2011,9,27,32
2011,9,28,30
2011,9,29,53
2011,9,30,43
2011,10,1,49
2011,10,2,34
2011,10,3,40
2011,10,4,38
2011,10,5,36
2011,10,6,41
2011,10,7,26
2011,10,8,33
2011,10,9,29
2011,10,10,28
2011,10,11,25
2011,10,12,26
2011,10,13,41
2011,10,14,34
2011,10,15,29
2011,10,16,23
2011,10,17,22
2011,10,18,23
2011,10,19,35
2011,10,20,29
2011,10,21,25
2011,10,22,30
2011,10,23,26
2011,10,24,15
2011,10,25,23
2011,10,26,24
2011,10,27,19
2011,10,28,27
2011,10,29,18
2011,10,30,26
2011,10,31,22
2011,11,1,24
2011,11,2,18
2011,11,3,28
2011,11,4,19
2011,11,5,27
2011,11,6,30
2011,11,7,18
2011,11,8,18
2011,11,9,19
2011,11,10,38
2011,11,11,30
2011,11,12,28
2011,11,13,27
2011,11,14,19
2011,11,15,22
2011,11,16,20
2011,11,17,30
2011,11,18,27
2011,11,19,29
2011,11,20,27
2011,11,21,25
2011,11,22,25
2011,11,23,20
2011,11,24,20
2011,11,25,23
2011,11,26,23
2011,11,27,28
2011,11,28,19
2011,11,29,26
2011,11,30,24
2011,12,1,22
2011,12,2,21
2011,12,3,26
2011,12,4,27
2011,12,5,24
2011,12,6,29
2011,12,7,23
2011,12,8,31
2011,12,9,34
2011,12,10,22
2011,12,11,20
2011,12,12,24
2011,12,13,25
2011,12,14,29
2011,12,15,30
2011,12,16,29
2011,12,17,17
2011,12,18,21
2011,12,19,15
2011,12,20,19
2011,12,21,27
2011,12,22,20
2011,12,23,21
2011,12,24,28
2011,12,25,32
2011,12,26,39
2011,12,27,31
2011,12,28,19
2011,12,29,22
2011,12,30,23
2012,1,1,28
2012,1,2,23
2012,1,3,24
2012,1,4,33
2012,1,5,30
2012,1,6,34
2012,1,7,32
2012,1,8,21
2012,1,9,21
2012,1,10,20
2012,1,11,25
2012,1,12,17
2012,1,13,18
2012,1,14,19
2012,1,15,33
2012,1,16,31
2012,1,17,37
2012,1,18,31
2012,1,19,32
2012,1,20,40
2012,1,21,29
2012,1,22,24
2012,1,23,23
2012,1,24,19
2012,1,25,23
2012,1,26,25
2012,1,27,29
2012,1,28,22
2012,1,29,18
2012,1,30,22
2012,1,31,22
2012,2,1,22
2012,2,2,24
2012,2,3,21
2012,2,4,23
2012,2,5,33
2012,2,6,22
2012,2,7,27
2012,2,8,28
2012,2,9,27
2012,2,10,30
2012,2,11,28
2012,2,12,22
2012,2,13,22
2012,2,14,33
2012,2,15,33
2012,2,16,31
2012,2,17,34
2012,2,18,35
2012,2,19,26
2012,2,20,26
2012,2,21,30
2012,2,22,28
2012,2,23,25
2012,2,24,25
2012,2,25,25
2012,2,26,27
2012,2,27,29
2012,2,28,27
2012,2,29,24
2012,3,1,29
2012,3,2,24
2012,3,3,22
2012,3,4,24
2012,3,5,25
2012,3,6,32
2012,3,7,33
2012,3,8,28
2012,3,9,33
2012,3,10,29
2012,3,11,22
2012,3,12,14
2012,3,13,15
2012,3,14,21
2012,3,15,26
2012,3,16,26
2012,3,17,29
2012,3,18,29
2012,3,19,33
2012,3,20,36
2012,3,21,38
2012,3,22,43
2012,3,23,38
2012,3,24,48
2012,3,25,46
2012,3,26,26
2012,3,27,33
2012,3,28,41
2012,3,29,42
2012,3,30,39
2012,3,31,28
2012,4,1,23
2012,4,2,31
2012,4,3,34
2012,4,4,28
2012,4,5,37
2012,4,6,35
2012,4,7,39
2012,4,8,30
2012,4,9,29
2012,4,10,32
2012,4,11,38
2012,4,12,35
2012,4,13,28
2012,4,14,21
2012,4,15,33
2012,4,16,30
2012,4,17,40
2012,4,18,31
2012,4,19,36
2012,4,20,41
2012,4,21,32
2012,4,22,26
2012,4,23,33
2012,4,24,34
2012,4,25,34
2012,4,26,36
2012,4,27,23
2012,4,28,37
2012,4,29,34
2012,4,30,42
2012,5,1,36
2012,5,2,39
2012,5,3,27
2012,5,4,42
2012,5,5,27
2012,5,6,30
2012,5,7,20
2012,5,8,36
2012,5,9,28
2012,5,10,38
2012,5,11,36
2012,5,12,39
2012,5,13,30
2012,5,14,28
2012,5,15,36
2012,5,16,40
2012,5,17,36
2012,5,18,32
2012,5,20,23
2012,5,21,29
2012,5,22,28
2012,5,23,25
2012,5,24,22
2012,5,25,27
2012,5,26,25
2012,5,27,21
2012,5,28,29
2012,5,29,24
2012,5,30,28
2012,5,31,45
2012,6,1,44
2012,6,2,33
2012,6,3,33
2012,6,4,29
2012,6,5,42
2012,6,6,34
2012,6,7,39
2012,6,8,26
2012,6,9,24
2012,6,10,19
2012,6,11,29
2012,6,12,31
2012,6,13,35
2012,6,14,31
2012,6,15,35
2012,6,16,35
2012,6,17,39
2012,6,18,31
2012,6,19,34
2012,6,20,26
2012,6,21,29
2012,6,22,25
2012,6,23,26
2012,6,24,28
2012,6,25,26
2012,6,26,27
2012,6,27,31
2012,6,28,33
2012,6,29,36
2012,6,30,35
2012,7,1,36
2012,7,2,25
2012,7,3,29
2012,7,4,32
2012,7,5,24
2012,7,6,25
2012,7,7,29
2012,7,8,26
2012,7,9,25
2012,7,10,35
2012,7,11,22
2012,7,12,27
2012,7,13,39
2012,7,14,30
2012,7,15,27
2012,7,16,23
2012,7,17,29
2012,7,18,22
2012,7,19,22
2012,7,20,34
2012,7,21,34
2012,7,22,24
2012,7,23,30
2012,7,24,40
2012,7,25,45
2012,7,26,43
2012,7,27,32
2012,7,28,30
2012,7,29,36
2012,7,30,36
2012,7,31,39
2012,8,1,39
2012,8,2,36
2012,8,3,39
2012,8,4,30
2012,8,5,29
2012,8,6,36
2012,8,7,44
2012,8,8,33
2012,8,9,36
2012,8,10,37
2012,8,11,40
2012,8,12,30
2012,8,13,31
2012,8,14,31
2012,8,15,34
2012,8,16,34
2012,8,17,37
2012,8,18,34
2012,8,19,37
2012,8,20,27
2012,8,21,26
2012,8,22,31
2012,8,23,34
2012,8,24,29
2012,8,25,44
2012,8,26,40
2012,8,27,43
2012,8,28,55
2012,8,29,32
2012,8,30,23
2012,8,31,36
2012,9,1,31
2012,9,2,37
2012,9,3,35
2012,9,4,35
2012,9,5,41
2012,9,6,61
2012,9,7,62
2012,9,8,37
2012,9,9,43
2012,9,10,33
2012,9,11,37
2012,9,12,36
2012,9,13,44
2012,9,14,42
2012,9,15,50
2012,9,16,43
2012,9,17,48
2012,9,18,42
2012,9,19,45
2012,9,20,49
2012,9,21,54
2012,9,22,53
2012,9,23,42
2012,9,24,52
2012,9,25,38
2012,9,26,44
2012,9,27,35
2012,9,28,26
2012,9,29,34
2012,9,30,43
2012,10,1,44
2012,10,2,49
2012,10,3,40
2012,10,4,34
2012,10,5,36
2012,10,6,33
2012,10,7,40
2012,10,8,40
2012,10,9,44
2012,10,10,49
2012,10,11,47
2012,10,12,47
2012,10,13,31
2012,10,14,40
2012,10,15,39
2012,10,16,45
2012,10,17,35
2012,10,18,34
2012,10,19,25
2012,10,20,26
2012,10,21,25
2012,10,22,22
2012,10,23,28
2012,10,24,38
2012,10,25,36
2012,10,26,28
2012,10,27,25
2012,10,28,29
2012,10,29,27
2012,10,30,21
2012,10,31,20
2012,11,1,20
2012,11,2,29
2012,11,3,29
2012,11,4,19
2012,11,5,19
2012,11,6,23
2012,11,7,22
2012,11,8,24
2012,11,9,24
2012,11,10,24
2012,11,11,25
2012,11,12,27
2012,11,13,21
2012,11,14,22
2012,11,15,29
2012,11,16,37
2012,11,17,31
2012,11,18,28
2012,11,19,29
2012,11,20,30
2012,11,21,33
2012,11,22,25
2012,11,23,33
2012,11,24,17
2012,11,25,22
2012,11,26,27
2012,11,27,34
2012,11,28,32
2012,11,29,30
2012,11,30,30
2012,12,1,33
2012,12,2,31
2012,12,3,19
2012,12,4,21
2012,12,5,23
2012,12,6,25
2012,12,7,22
2012,12,8,22
2012,12,9,26
2012,12,10,24
2012,12,11,26
2012,12,12,28
2012,12,13,22
2012,12,14,18
2012,12,15,19
2012,12,16,23
2012,12,17,21
2012,12,18,23
2012,12,19,21
2012,12,20,21
2012,12,21,24
2012,12,22,27
2012,12,23,25
2012,12,24,17
2012,12,25,15
2012,12,26,20
2012,12,27,23
2012,12,28,23
2012,12,29,19
2012,12,30,24
2012,12,31,24
2013,1,1,20
2013,1,2,17
2013,1,3,21
2013,1,4,17
2013,1,5,20
2013,1,6,27
2013,1,7,31
2013,1,8,32
2013,1,9,25
2013,1,10,25
2013,1,11,21
2013,1,12,30
2013,1,13,27
2013,1,14,25
2013,1,15,33
2013,1,16,35
2013,1,17,36
2013,1,18,28
2013,1,19,16
2013,1,20,20
2013,1,21,15
2013,1,22,14
2013,1,23,22
2013,1,24,22
2013,1,25,22
2013,1,26,23
2013,1,27,26
2013,1,28,24
2013,1,29,27
2013,1,30,31
2013,1,31,28
2013,2,1,26
2013,2,2,26
2013,2,3,20
2013,2,4,19
2013,2,5,15
2013,2,6,20
2013,2,7,23
2013,2,8,24
2013,2,9,19
2013,2,10,22
2013,2,11,13
2013,2,12,18
2013,2,13,16
2013,2,14,24
2013,2,15,15
2013,2,16,17
2013,2,17,16
2013,2,18,23
2013,2,19,20
2013,2,20,22
2013,2,21,20
2013,2,22,25
2013,2,23,26
2013,2,24,20
2013,2,25,15
2013,2,26,16
2013,2,27,17
2013,2,28,22
2013,3,1,24
2013,3,2,20
2013,3,3,17
2013,3,4,20
2013,3,5,28
2013,3,6,31
2013,3,7,27
2013,3,8,21
2013,3,9,27
2013,3,10,27
2013,3,11,27
2013,3,12,30
2013,3,13,28
2013,3,14,29
2013,3,15,24
2013,3,16,20
2013,3,17,18
2013,3,18,21
2013,3,19,23
2013,3,20,24
2013,3,21,26
2013,3,22,20
2013,3,23,25
2013,3,24,21
2013,3,25,28
2013,3,26,34
2013,3,27,46
2013,3,28,44
2013,3,29,44
2013,3,30,34
2013,3,31,31
2013,4,1,25
2013,4,2,30
2013,4,3,28
2013,4,4,29
2013,4,5,37
2013,4,6,29
2013,4,7,23
2013,4,8,36
2013,4,9,44
2013,4,10,30
2013,4,11,23
2013,4,12,26
2013,4,13,22
2013,4,14,28
2013,4,15,29
2013,4,16,36
2013,4,17,33
2013,4,18,36
2013,4,19,35
2013,4,20,54
2013,4,21,25
2013,4,22,30
2013,4,23,37
2013,4,24,42
2013,4,25,40
2013,4,26,27
2013,4,27,36
2013,4,28,35
2013,4,29,22
2013,4,30,32
2013,5,1,25
2013,5,2,25
2013,5,3,24
2013,5,4,26
2013,5,5,16
2013,5,6,26
2013,5,7,40
2013,5,8,26
2013,5,9,23
2013,5,10,25
2013,5,11,25
2013,5,12,19
2013,5,13,19
2013,5,14,22
2013,5,15,35
2013,5,16,21
2013,5,17,29
2013,5,18,31
2013,5,19,24
2013,5,20,27
2013,5,21,34
2013,5,22,34
2013,5,23,40
2013,5,24,31
2013,5,25,32
2013,5,26,40
2013,5,27,34
2013,5,28,30
2013,5,29,30
2013,5,30,40
2013,5,31,24
2013,6,1,34
2013,6,2,30
2013,6,3,25
2013,6,4,32
2013,6,5,35
2013,6,6,23
2013,6,7,30
2013,6,8,28
2013,6,9,30
2013,6,10,27
2013,6,11,24
2013,6,12,32
2013,6,13,52
2013,6,14,62
2013,6,15,77
2013,6,16,70
2013,6,17,75
2013,6,18,117
2013,6,19,111
2013,6,20,196
2013,6,21,198
2013,6,22,177
2013,6,23,88
2013,6,24,71
2013,6,25,59
2013,6,26,57
2013,6,27,59
2013,6,28,54
2013,6,29,63
2013,6,30,59
2013,7,1,40
2013,7,2,33
2013,7,3,31
2013,7,4,35
2013,7,5,22
2013,7,6,27
2013,7,7,22
2013,7,8,22
2013,7,9,23
2013,7,10,17
2013,7,11,16
2013,7,12,34
2013,7,13,29
2013,7,14,37
2013,7,15,23
2013,7,16,27
2013,7,17,31
2013,7,18,23
2013,7,19,22
2013,7,20,22
2013,7,21,27
2013,7,22,31
2013,7,23,32
2013,7,24,28
2013,7,25,31
2013,7,26,28
2013,7,27,33
2013,7,28,35
2013,7,29,23
2013,7,30,32
2013,7,31,33
2013,8,1,19
2013,8,2,21
2013,8,3,25
2013,8,4,23
2013,8,5,21
2013,8,6,25
2013,8,7,36
2013,8,8,27
2013,8,9,20
2013,8,10,18
2013,8,11,22
2013,8,12,22
2013,8,13,22
2013,8,14,27
2013,8,15,30
2013,8,16,27
2013,8,17,22
2013,8,18,23
2013,8,19,21
2013,8,20,33
2013,8,21,26
2013,8,22,28
2013,8,23,28
2013,8,24,29
2013,8,25,28
2013,8,26,27
2013,8,27,30
2013,8,28,30
2013,8,29,37
2013,8,30,37
2013,8,31,24
2013,9,1,18
2013,9,2,25
2013,9,3,20
2013,9,4,26
2013,9,5,20
2013,9,6,17
2013,9,7,15
2013,9,8,18
2013,9,9,21
2013,9,10,17
2013,9,11,16
2013,9,12,24
2013,9,13,28
2013,9,14,28
2013,9,15,21
2013,9,16,27
2013,9,17,30
2013,9,18,21
2013,9,19,26
2013,9,20,22
2013,9,21,25
2013,9,22,28
2013,9,23,33
2013,9,24,30
2013,9,25,30
2013,9,26,36
2013,9,27,33
2013,9,28,37
2013,9,29,33
2013,9,30,30
2013,10,1,27
2013,10,2,25
2013,10,3,26
2013,10,4,35
2013,10,5,25
2013,10,6,23
2013,10,7,21
2013,10,8,30
2013,10,9,28
2013,10,10,33
2013,10,11,34
2013,10,12,25
2013,10,13,21
2013,10,14,16
2013,10,15,17
2013,10,16,23
2013,10,17,30
2013,10,18,30
2013,10,19,23
2013,10,20,23
2013,10,21,17
2013,10,22,19
2013,10,23,25
2013,10,24,32
2013,10,25,41
2013,10,26,30
2013,10,27,26
2013,10,28,24
2013,10,29,32
2013,10,30,29
2013,10,31,33
2013,11,1,33
2013,11,2,33
2013,11,3,25
2013,11,4,23
2013,11,5,30
2013,11,6,19
2013,11,7,22
2013,11,8,33
2013,11,9,40
2013,11,10,29
2013,11,11,27
2013,11,12,24
2013,11,13,29
2013,11,14,20
2013,11,15,33
2013,11,16,27
2013,11,17,20
2013,11,18,19
2013,11,19,22
2013,11,20,24
2013,11,21,19
2013,11,22,20
2013,11,23,22
2013,11,24,24
2013,11,25,20
2013,11,26,18
2013,11,27,26
2013,11,28,26
2013,11,29,25
2013,11,30,18
2013,12,1,15
2013,12,2,10
2013,12,3,15
2013,12,4,11
2013,12,5,19
2013,12,6,21
2013,12,7,28
2013,12,8,17
2013,12,9,17
2013,12,10,22
2013,12,11,20
2013,12,12,27
2013,12,13,30
2013,12,14,28
2013,12,15,19
2013,12,16,20
2013,12,17,26
2013,12,18,22
2013,12,19,15
2013,12,20,27
2013,12,21,19
2013,12,22,20
2013,12,23,14
2013,12,24,29
2013,12,25,30
2013,12,26,28
2013,12,27,32
2013,12,28,32
2013,12,29,34
2013,12,30,46
2013,12,31,33
2014,1,1,31
2014,1,2,35
2014,1,3,34
2014,1,4,24
2014,1,5,17
2014,1,6,17
2014,1,7,34
2014,1,8,31
2014,1,9,20
2014,1,10,25
2014,1,11,20
2014,1,12,22
2014,1,13,26
2014,1,14,34
2014,1,15,34
2014,1,16,38
2014,1,17,33
2014,1,18,28
2014,1,19,29
2014,1,20,29
2014,1,21,30
2014,1,22,35
2014,1,23,41
2014,1,24,46
2014,1,25,42
2014,1,26,40
2014,1,27,33
2014,1,28,32
2014,1,29,29
2014,1,30,25
2014,1,31,26
2014,2,1,25
2014,2,2,23
2014,2,3,24
2014,2,4,30
2014,2,5,33
2014,2,6,26
2014,2,7,25
2014,2,8,36
2014,2,9,32
2014,2,10,31
2014,2,11,29
2014,2,12,29
2014,2,13,37
2014,2,14,33
2014,2,15,32
2014,2,16,34
2014,2,17,33
2014,2,18,34
2014,2,19,32
2014,2,20,27
2014,2,21,32
2014,2,22,32
2014,2,23,34
2014,2,24,34
2014,2,25,35
2014,2,26,34
2014,2,27,30
2014,2,28,32
2014,3,1,32
2014,3,2,31
2014,3,3,29
2014,3,4,44
2014,3,5,36
2014,3,6,33
2014,3,7,39
2014,3,8,49
2014,3,9,45
2014,3,10,46
2014,3,11,42
2014,3,12,58
2014,3,13,54
2014,3,14,59
2014,3,15,50
2014,3,16,28
2014,3,17,19
2014,3,18,25
2014,3,19,32
2014,3,20,35
2014,3,21,30
2014,3,22,38
2014,3,23,35
2014,3,24,29
2014,3,25,37
2014,3,26,37
2014,3,27,31
2014,3,28,43
2014,3,29,25
2014,3,30,32
2014,3,31,22
2014,4,1,60
2014,4,2,57
2014,4,3,54
2014,4,4,59
2014,4,5,62
2014,4,6,48
2014,4,7,48
2014,4,8,56
2014,4,9,57
2014,4,10,56
2014,4,11,61
2014,4,12,56
2014,4,13,59
2014,4,14,58
2014,4,15,66
2014,4,16,60
2014,4,17,68
2014,4,18,63
2014,4,19,65
2014,4,20,49
2014,4,21,61
2014,4,22,59
2014,4,23,62
2014,4,24,47
2014,4,25,63
2014,4,26,69
2014,4,27,58
2014,4,28,64
2014,4,29,61
2014,4,30,67
2014,5,1,52
2014,5,2,55
2014,5,3,47
2014,5,4,50
2014,5,5,56
2014,5,6,51
2014,5,7,53
2014,5,8,46
2014,5,9,68
2014,5,10,47
2014,5,11,56
2014,5,12,58
2014,5,13,61
2014,5,14,58
2014,5,15,51
2014,5,16,47
2014,5,17,46
2014,5,18,41
2014,5,19,49
2014,5,20,44
2014,5,21,59
2014,5,22,63
2014,5,23,36
2014,5,24,58
2014,5,25,41
2014,5,26,40
2014,5,27,60
2014,5,28,42
2014,5,29,56
2014,5,30,58
2014,5,31,50
2014,6,1,31
2014,6,2,51
2014,6,3,49
2014,6,4,48
2014,6,5,47
2014,6,6,43
2014,6,7,59
2014,6,8,39
2014,6,9,45
2014,6,10,57
2014,6,11,48
2014,6,12,47
2014,6,13,55
2014,6,14,48
2014,6,15,43
2014,6,16,53
2014,6,17,46
2014,6,18,47
2014,6,19,50
2014,6,20,49
2014,6,21,47
2014,6,22,57
2014,6,23,60
2014,6,24,62
2014,6,25,53
2014,6,26,47
2014,6,27,53
2014,6,28,54
2014,6,29,48
2014,6,30,57
2014,7,1,43
2014,7,2,56
2014,7,3,61
2014,7,4,58
2014,7,5,57
2014,7,6,56
2014,7,7,49
2014,7,8,51
2014,7,9,51
2014,7,10,50
2014,7,11,55
2014,7,12,54
2014,7,13,46
2014,7,14,48
2014,7,15,56
2014,7,16,54
2014,7,17,59
2014,7,18,55
2014,7,19,54
2014,7,20,52
2014,7,21,49
2014,7,22,48
2014,7,23,53
2014,7,24,56
2014,7,25,59
2014,7,26,57
2014,7,27,52
2014,7,28,54
2014,7,29,52
2014,7,30,54
2014,7,31,53
2014,8,1,36
2014,8,2,53
2014,8,3,57
2014,8,4,56
2014,8,5,50
2014,8,6,47
2014,8,7,39
2014,8,8,41
2014,8,9,35
2014,8,10,24
2014,8,11,36
2014,8,12,45
2014,8,13,51
2014,8,14,46
2014,8,15,44
2014,8,16,60
2014,8,17,58
2014,8,18,55
2014,8,19,57
2014,8,20,59
2014,8,21,59
2014,8,22,59
2014,8,23,43
2014,8,24,56
2014,8,25,58
2014,8,26,61
2014,8,27,55
2014,8,28,54
2014,8,29,54
2014,8,30,57
2014,8,31,55
2014,9,1,60
2014,9,2,61
2014,9,3,65
2014,9,4,68
2014,9,5,64
2014,9,6,48
2014,9,7,51
2014,9,8,63
2014,9,9,62
2014,9,10,62
2014,9,11,61
2014,9,12,64
2014,9,13,65
2014,9,14,67
2014,9,15,92
2014,9,16,67
2014,9,17,57
2014,9,18,98
2014,9,19,95
2014,9,20,61
2014,9,21,52
2014,9,22,88
2014,9,23,61
2014,9,24,69
2014,9,25,54
2014,9,26,65
2014,9,27,70
2014,9,28,73
2014,9,29,71
2014,9,30,73
2014,10,1,79
2014,10,2,72
2014,10,3,74
2014,10,4,66
2014,10,5,51
2014,10,6,72
2014,10,7,105
2014,10,8,74
2014,10,9,76
2014,10,10,60
2014,10,11,80
2014,10,12,94
2014,10,13,73
2014,10,14,70
2014,10,15,74
2014,10,16,67
2014,10,17,63
2014,10,18,67
2014,10,19,93
2014,10,20,87
2014,10,21,74
2014,10,22,61
2014,10,23,77
2014,10,24,73
2014,10,25,72
2014,10,26,61
2014,10,27,58
2014,10,28,61
2014,10,29,76
2014,10,30,67
2014,10,31,71
2014,11,1,65
2014,11,2,72
2014,11,3,106
2014,11,4,78
2014,11,5,71
2014,11,6,68
2014,11,7,54
2014,11,8,56
2014,11,9,38
2014,11,10,64
2014,11,11,62
2014,11,12,68
2014,11,13,57
2014,11,14,35
2014,11,15,37
2014,11,16,41
2014,11,17,48
2014,11,18,41
2014,11,19,47
2014,11,20,33
2014,11,21,46
2014,11,22,51
2014,11,23,46
2014,11,24,49
2014,11,25,47
2014,11,26,47
2014,11,27,49
2014,11,28,45
2014,11,29,31
2014,11,30,42
2014,12,1,46
2014,12,2,50
2014,12,3,56
2014,12,4,54
2014,12,5,60
2014,12,6,54
2014,12,7,47
2014,12,8,36
2014,12,9,45
2014,12,10,50
2014,12,11,51
2014,12,12,49
2014,12,13,44
2014,12,14,50
2014,12,15,40
2014,12,16,35
2014,12,17,35
2014,12,18,42
2014,12,19,28
2014,12,20,33
2014,12,21,31
2014,12,22,35
2014,12,23,37
2014,12,24,32
2014,12,25,43
2014,12,26,50
2014,12,27,40
2014,12,28,28
2014,12,29,22
2014,12,30,25
2014,12,31,45
2015,1,1,55
2015,1,2,52
2015,1,3,59
2015,1,4,45
2015,1,5,35
2015,1,6,47
2015,1,7,33
2015,1,8,35
2015,1,9,28
2015,1,10,32
2015,1,11,42
2015,1,12,39
2015,1,13,42
2015,1,14,34
2015,1,15,41
2015,1,16,46
2015,1,17,53
2015,1,18,44
2015,1,19,52
2015,1,20,54
2015,1,21,59
2015,1,22,60
2015,1,23,59
2015,1,24,56
2015,1,25,70
2015,1,26,66
2015,1,27,58
2015,1,28,53
2015,1,29,47
2015,1,30,36
2015,1,31,41
2015,2,1,43
2015,2,2,45
2015,2,3,47
2015,2,4,35
2015,2,5,45
2015,2,6,40
2015,2,7,46
2015,2,8,55
2015,2,9,53
2015,2,10,51
2015,2,11,58
2015,2,12,64
2015,2,13,67
2015,2,14,65
2015,2,15,63
2015,2,16,59
2015,2,17,55
2015,2,18,50
2015,2,19,41
2015,2,20,37
2015,2,21,47
2015,2,22,43
2015,2,23,43
2015,2,24,47
2015,2,25,50
2015,2,26,52
2015,2,27,54
2015,2,28,42
2015,3,1,44
2015,3,2,46
2015,3,3,50
2015,3,4,55
2015,3,5,57
2015,3,6,61
2015,3,7,57
2015,3,8,46
2015,3,9,39
2015,3,10,48
2015,3,11,39
2015,3,12,48
2015,3,13,47
2015,3,14,46
2015,3,15,45
2015,3,16,51
2015,3,17,58
2015,3,18,59
2015,3,19,61
2015,3,20,72
2015,3,21,78
2015,3,22,69
2015,3,23,63
2015,3,24,60
2015,3,25,55
2015,3,26,53
2015,3,27,52
2015,3,28,53
2015,3,29,49
2015,3,30,53
2015,3,31,54
2015,4,1,55
2015,4,2,49
2015,4,3,55
2015,4,4,65
2015,4,5,58
2015,4,6,59
2015,4,7,60
2015,4,8,43
2015,4,9,45
2015,4,10,41
2015,4,11,44
2015,4,12,56
2015,4,13,54
2015,4,14,54
2015,4,15,43
2015,4,16,41
2015,4,17,52
2015,4,18,56
2015,4,19,57
2015,4,20,60
2015,4,21,75
2015,4,22,57
2015,4,23,58
2015,4,24,55
2015,4,25,50
2015,4,26,42
2015,4,27,46
2015,4,28,61
2015,4,29,52
2015,4,30,53
2015,5,1,58
2015,5,2,55
2015,5,3,43
2015,5,4,51
2015,5,5,67
2015,5,6,55
2015,5,7,59
2015,5,8,56
2015,5,9,35
2015,5,10,42
2015,5,11,46
2015,5,12,44
2015,5,13,50
2015,5,14,45
2015,5,15,57
2015,5,16,45
2015,5,17,30
2015,5,18,51
2015,5,19,55
2015,5,20,44
2015,5,21,58
2015,5,22,55
2015,5,23,54
2015,5,24,55
2015,5,25,46
2015,5,26,49
2015,5,27,55
2015,5,28,51
2015,5,29,31
2015,5,30,37
2015,5,31,40
2015,6,1,54
2015,6,2,50
2015,6,3,52
2015,6,4,43
2015,6,5,53
2015,6,6,57
2015,6,7,51
2015,6,8,39
2015,6,9,57
2015,6,10,45
2015,6,11,38
2015,6,12,43
2015,6,13,40
2015,6,14,47
2015,6,15,44
2015,6,16,55
2015,6,17,60
2015,6,18,57
2015,6,19,50
2015,6,20,37
2015,6,21,43
2015,6,22,49
2015,6,23,57
2015,6,24,57
2015,6,25,60
2015,6,26,55
2015,6,27,45
2015,6,28,42
2015,6,29,53
2015,6,30,56
2015,7,1,58
2015,7,2,67
2015,7,3,64
2015,7,4,61
2015,7,5,64
2015,7,6,64
2015,7,7,64
2015,7,8,64
2015,7,9,66
2015,7,10,71
2015,7,11,58
2015,7,12,54
2015,7,13,54
2015,7,14,44
2015,7,15,42
2015,7,16,52
2015,7,17,48
2015,7,18,49
2015,7,19,46
2015,7,20,46
2015,7,21,46
2015,7,22,50
2015,7,23,47
2015,7,24,49
2015,7,25,58
2015,7,26,47
2015,7,27,54
2015,7,28,49
2015,7,29,34
2015,7,30,47
2015,7,31,55
2015,8,1,57
2015,8,2,51
2015,8,3,41
2015,8,4,48
2015,8,5,55
2015,8,6,55
2015,8,7,57
2015,8,8,57
2015,8,9,53
2015,8,10,60
2015,8,11,56
2015,8,12,56
2015,8,13,63
2015,8,14,53
2015,8,15,54
2015,8,16,53
2015,8,17,55
2015,8,18,58
2015,8,19,61
2015,8,20,74
2015,8,21,73
2015,8,22,81
2015,8,23,75
2015,8,24,73
2015,8,25,81
2015,8,26,76
2015,8,27,66
2015,8,28,67
2015,8,29,72
2015,8,30,62
2015,8,31,57
2015,9,1,61
2015,9,2,79
2015,9,3,85
2015,9,4,78
2015,9,5,88
2015,9,6,96
2015,9,7,80
2015,9,8,97
2015,9,9,79
2015,9,10,111
2015,9,11,150
2015,9,12,84
2015,9,13,135
2015,9,14,132
2015,9,15,142
2015,9,16,108
2015,9,17,79
2015,9,18,77
2015,9,19,136
2015,9,20,83
2015,9,21,82
2015,9,22,89
2015,9,23,101
2015,9,24,209
2015,9,25,252
2015,9,26,96
2015,9,27,79
2015,9,28,156
2015,9,29,189
2015,9,30,144
2015,10,1,175
2015,10,2,119
2015,10,3,157
2015,10,4,100
2015,10,5,134
2015,10,6,156
2015,10,7,104
2015,10,8,74
2015,10,9,88
2015,10,10,83
2015,10,11,82
2015,10,12,106
2015,10,13,127
2015,10,14,98
2015,10,15,80
2015,10,16,104
2015,10,17,91
2015,10,18,102
2015,10,19,128
2015,10,20,130
2015,10,21,113
2015,10,22,88
2015,10,23,116
2015,10,24,201
2015,10,25,133
2015,10,26,152
2015,10,27,141
2015,10,28,91
2015,10,29,63
2015,10,30,55
2015,10,31,45
2015,11,1,61
2015,11,2,58
2015,11,3,56
2015,11,4,58
2015,11,5,79
2015,11,6,85
2015,11,7,62
2015,11,8,68
2015,11,9,82
2015,11,10,79
2015,11,11,58
2015,11,12,68
2015,11,13,65
2015,11,14,59
2015,11,15,49
2015,11,16,35
2015,11,17,37
2015,11,18,57
2015,11,19,48
2015,11,20,53
2015,11,21,41
2015,11,22,53
2015,11,23,56
2015,11,24,62
2015,11,25,67
2015,11,26,45
2015,11,27,34
2015,11,28,40
2015,11,29,52
2015,11,30,48
2015,12,1,41
2015,12,2,44
2015,12,3,46
2015,12,4,54
2015,12,5,43
2015,12,6,47
2015,12,7,34
2015,12,8,42
2015,12,9,45
2015,12,10,43
2015,12,11,47
2015,12,12,45
2015,12,13,28
2015,12,14,30
2015,12,15,46
2015,12,16,53
2015,12,17,55
2015,12,18,59
2015,12,19,62
2015,12,20,60
2015,12,21,55
2015,12,22,60
2015,12,23,66
2015,12,24,51
2015,12,25,52
2015,12,26,34
2015,12,27,40
2015,12,28,44
2015,12,29,31
2015,12,30,46
2015,12,31,45
2016,1,1,29
2016,1,2,44
2016,1,3,43
2016,1,4,34
2016,1,5,37
2016,1,6,35
2016,1,7,42
2016,1,8,39
2016,1,9,40
2016,1,10,43
2016,1,11,40
2016,1,12,42
2016,1,13,44
2016,1,14,43
2016,1,15,39
2016,1,16,53
2016,1,17,54
2016,1,18,50
2016,1,19,52
2016,1,20,51
2016,1,21,43
2016,1,22,52
2016,1,23,37
2016,1,24,42
2016,1,25,43
2016,1,26,43
2016,1,27,44
2016,1,28,44
2016,1,29,51
2016,1,30,42
2016,1,31,42
2016,2,1,38
2016,2,2,40
2016,2,3,48
2016,2,4,37
2016,2,5,44
2016,2,6,41
2016,2,7,37
2016,2,8,56
2016,2,9,61
2016,2,10,55
2016,2,11,29
2016,2,12,39
2016,2,13,40
2016,2,14,41
2016,2,15,45
2016,2,16,47
2016,2,17,53
2016,2,18,56
2016,2,19,40
2016,2,20,36
2016,2,21,52
2016,2,22,48
2016,2,23,51
2016,2,24,50
2016,2,25,45
2016,2,26,52
2016,2,27,46
2016,2,28,48
2016,2,29,51
2016,3,1,49
2016,3,2,49
2016,3,3,50
2016,3,4,50
2016,3,5,44
2016,3,6,41
2016,3,7,43
2016,3,8,52
2016,3,9,45
2016,3,10,49
2016,3,11,49
2016,3,12,48
2016,3,13,47
2016,3,14,53
2016,3,15,53
2016,3,16,54
2016,3,17,57
2016,3,18,58
2016,3,19,59
2016,3,20,60
2016,3,21,63
2016,3,22,62
2016,3,23,59
2016,3,24,60
2016,3,25,62
2016,3,26,58
2016,3,27,58
2016,3,28,59
2016,3,29,67
2016,3,30,74
2016,3,31,72
2016,4,1,70
2016,4,2,62
2016,4,3,56
2016,4,4,57
2016,4,5,54
2016,4,6,58
2016,4,7,59
2016,4,8,62
2016,4,9,62
2016,4,10,64
2016,4,11,59
2016,4,12,70
2016,4,13,60
2016,4,14,64
2016,4,15,56
2016,4,16,56
2016,4,17,56
2016,4,18,59
2016,4,19,61
2016,4,20,62
2016,4,21,58
2016,4,22,56
2016,4,23,55
2016,4,24,56
2016,4,25,47
2016,4,26,57
2016,4,27,61
2016,4,28,64
2016,4,29,63
2016,4,30,74
2016,5,1,67
2016,5,2,47
2016,5,3,58
2016,5,4,39
2016,5,5,54
2016,5,6,59
2016,5,7,58
2016,5,8,56
2016,5,9,62
2016,5,10,42
2016,5,11,50
2016,5,12,53
2016,5,13,55
2016,5,14,58
2016,5,15,53
2016,5,16,47
2016,5,17,60
2016,5,18,61
2016,5,19,50
2016,5,20,48
2016,5,21,53
2016,5,22,37
2016,5,23,50
2016,5,24,48
2016,5,25,44
2016,5,26,40
2016,5,27,34
2016,5,28,42
2016,5,29,45
2016,5,30,44
2016,5,31,48
2016,6,1,63
2016,6,2,56
2016,6,3,58
2016,6,4,63
2016,6,5,59
2016,6,6,52
2016,6,7,51
2016,6,8,60
2016,6,9,64
2016,6,10,61
2016,6,11,53
2016,6,12,38
2016,6,13,42
2016,6,14,55
2016,6,15,56
2016,6,16,51
2016,6,17,45
2016,6,18,33
2016,6,19,54
2016,6,20,54
2016,6,21,49
2016,6,22,57
2016,6,23,50
2016,6,24,47
2016,6,25,46
2016,6,26,40
2016,6,27,47
2016,6,28,40
2016,6,29,52
2016,6,30,56
2016,7,1,61
2016,7,2,57
2016,7,3,54
2016,7,4,49
2016,7,5,50
2016,7,6,45
2016,7,7,53
2016,7,8,46
2016,7,9,51
2016,7,10,45
2016,7,11,55
2016,7,12,47
2016,7,13,44
2016,7,14,57
2016,7,15,52
2016,7,16,53
2016,7,17,50
2016,7,18,51
2016,7,19,41
2016,7,20,42
2016,7,21,54
2016,7,22,58
2016,7,23,51
2016,7,24,41
2016,7,25,40
2016,7,26,54
2016,7,27,56
2016,7,28,57
2016,7,29,52
2016,7,30,51
2016,7,31,51
2016,8,1,56
2016,8,2,53
2016,8,3,52
2016,8,4,47
2016,8,5,54
2016,8,6,56
2016,8,7,58
2016,8,8,62
2016,8,9,65
2016,8,10,48
2016,8,11,54
2016,8,12,55
2016,8,13,59
2016,8,14,58
2016,8,15,53
2016,8,16,37
2016,8,17,47
2016,8,18,53
2016,8,19,41
2016,8,20,47
2016,8,21,45
2016,8,22,41
2016,8,23,61
2016,8,24,61
2016,8,25,37
2016,8,26,90
2016,8,27,101
2016,8,28,78
2016,8,29,81
2016,8,30,50
2016,8,31,56
2016,9,1,61
2016,9,2,51
2016,9,3,59
2016,9,4,62
2016,9,5,71
2016,9,6,55
2016,9,7,48
2016,9,8,54
2016,9,9,55
2016,9,10,54
2016,9,11,53
2016,9,12,46
2016,9,13,56
2016,9,14,45
2016,9,15,52
2016,9,16,49
2016,9,17,44
2016,9,18,59
2016,9,19,49
2016,9,20,39
2016,9,21,44
2016,9,22,61
2016,9,23,54
2016,9,24,57
2016,9,25,56
2016,9,26,59
2016,9,27,66
2016,9,28,68
2016,9,29,56
2016,9,30,59
2016,10,1,59
2016,10,2,55
2016,10,3,60
2016,10,4,59
2016,10,5,73
2016,10,6,72
2016,10,7,62
2016,10,8,53
2016,10,9,48
2016,10,10,57
2016,10,11,50
2016,10,12,41
2016,10,13,43
2016,10,14,49
2016,10,15,48
2016,10,16,40
2016,10,17,35
2016,10,18,47
2016,10,19,44
2016,10,20,56
2016,10,21,60
2016,10,22,60
2016,10,23,58
2016,10,24,65
2016,10,25,60
2016,10,26,48
2016,10,27,46
2016,10,28,56
2016,10,29,67
2016,10,30,44
2016,10,31,50
2016,11,1,45
2016,11,2,48
2016,11,3,46
2016,11,4,40
2016,11,5,44
2016,11,6,27
2016,11,7,46
2016,11,8,55
2016,11,9,61
2016,11,10,55
2016,11,11,55
2016,11,12,48
2016,11,13,47
2016,11,14,40
2016,11,15,43
2016,11,16,45
2016,11,17,50
2016,11,18,52
2016,11,19,60
2016,11,20,62
2016,11,21,47
2016,11,22,51
2016,11,23,43
2016,11,24,43
2016,11,25,51
2016,11,26,50
2016,11,27,42
2016,11,28,30
2016,11,29,33
2016,11,30,29
2016,12,1,32
2016,12,2,29
2016,12,3,37
2016,12,4,57
2016,12,5,47
2016,12,6,50
2016,12,7,45
2016,12,8,44
2016,12,9,46
2016,12,10,42
2016,12,11,44
2016,12,12,31
2016,12,13,55
2016,12,14,54
2016,12,15,57
2016,12,16,64
2016,12,17,59
2016,12,18,48
2016,12,19,42
2016,12,20,33
2016,12,21,29
2016,12,22,44
2016,12,23,46
2016,12,24,36
2016,12,25,30
2016,12,26,29
2016,12,27,27
2016,12,28,36
2016,12,29,56
2016,12,30,47
2016,12,31,26
2017,1,1,39
2017,1,2,40
2017,1,3,39
2017,1,4,27
2017,1,5,35
2017,1,6,44
2017,1,7,54
2017,1,8,53
2017,1,9,44
2017,1,10,52
2017,1,11,54
2017,1,12,53
2017,1,13,58
2017,1,14,54
2017,1,15,58
2017,1,16,47
2017,1,17,53
2017,1,18,50
2017,1,19,45
2017,1,20,43
2017,1,21,51
2017,1,22,26
2017,1,23,23
2017,1,24,23
2017,1,25,23
2017,1,26,35
2017,1,27,43
2017,1,28,48
2017,1,29,31
2017,1,30,31
2017,1,31,31
2017,2,1,44
2017,2,2,55
2017,2,3,52
2017,2,4,36
2017,2,5,39
2017,2,6,37
2017,2,7,42
2017,2,8,50
2017,2,9,59
2017,2,10,55
2017,2,11,49
2017,2,12,55
2017,2,13,48
2017,2,14,55
2017,2,15,33
2017,2,16,45
2017,2,17,52
2017,2,18,46
2017,2,19,49
2017,2,20,47
2017,2,21,39
2017,2,22,46
2017,2,23,49
2017,2,24,56
2017,2,25,39
2017,2,26,50
2017,2,27,39
2017,2,28,41
2017,3,1,34
2017,3,2,25
2017,3,3,50
2017,3,4,42
2017,3,5,58
2017,3,6,56
2017,3,7,55
2017,3,8,57
2017,3,9,60
2017,3,10,56
2017,3,11,56
2017,3,12,48
2017,3,13,66
2017,3,14,66
2017,3,15,59
2017,3,16,63
2017,3,17,60
2017,3,18,61
2017,3,19,63
2017,3,20,56
2017,3,21,53
2017,3,22,40
2017,3,23,57
2017,3,24,56
2017,3,25,68
2017,3,26,57
2017,3,27,47
2017,3,28,40
2017,3,29,49
2017,3,30,50
2017,3,31,51
2017,4,1,59
2017,4,2,49
2017,4,3,41
2017,4,4,43
2017,4,5,42
2017,4,6,43
2017,4,7,42
2017,4,8,49
2017,4,9,66
2017,4,10,59
2017,4,11,58
2017,4,12,59
2017,4,13,48
2017,4,14,48
2017,4,15,42
2017,4,16,52
2017,4,17,50
2017,4,18,56
2017,4,19,53
2017,4,20,72
2017,4,21,72
2017,4,22,47
2017,4,23,61
2017,4,24,60
2017,4,25,66
2017,4,26,66
2017,4,27,47
2017,4,28,49
2017,4,29,58
2017,4,30,69
2017,5,1,48
2017,5,2,57
2017,5,3,58
2017,5,4,55
2017,5,5,71
2017,5,6,51
2017,5,7,60
2017,5,8,49
2017,5,9,46
2017,5,10,43
2017,5,11,43
2017,5,12,45
2017,5,13,45
2017,5,14,43
2017,5,15,42
2017,5,16,47
2017,5,17,45
2017,5,18,43
2017,5,19,42
2017,5,20,47
2017,5,21,48
2017,5,22,44
2017,5,23,34
2017,5,24,46
2017,5,25,53
2017,5,26,49
2017,5,27,60
2017,5,28,48
2017,5,29,32
2017,5,30,43
2017,5,31,51
2017,6,1,45
2017,6,2,36
2017,6,3,36
2017,6,4,39
2017,6,5,44
2017,6,6,54
2017,6,7,58
2017,6,8,53
2017,6,9,48
2017,6,10,48
2017,6,11,43
2017,6,12,34
2017,6,13,35
2017,6,14,47
2017,6,15,47
2017,6,16,61
2017,6,17,54
2017,6,18,40
2017,6,19,34
2017,6,20,45
2017,6,21,51
2017,6,22,59
2017,6,23,53
2017,6,24,42
2017,6,25,53
2017,6,26,48
2017,6,27,56
2017,6,28,56
2017,6,29,54
2017,6,30,40
2017,7,1,30
2017,7,2,44
2017,7,3,43
2017,7,4,36
2017,7,5,40
2017,7,6,42
2017,7,7,45
2017,7,8,50
2017,7,9,48
2017,7,10,35
2017,7,11,38
2017,7,12,34
2017,7,13,53
2017,7,14,53
2017,7,15,58
2017,7,16,55
2017,7,17,47
2017,7,18,55
2017,7,19,52
2017,7,20,40
2017,7,21,48
2017,7,22,46
2017,7,23,52
2017,7,24,46
2017,7,25,56
2017,7,26,61
2017,7,27,58
2017,7,28,57
2017,7,29,61
2017,7,30,37
2017,7,31,38
2017,8,1,44
2017,8,2,51
2017,8,3,53
2017,8,4,54
2017,8,5,54
2017,8,6,52
2017,8,7,42
2017,8,8,39
2017,8,9,39
2017,8,10,55
2017,8,11,38
2017,8,12,43
2017,8,13,38
2017,8,14,43
2017,8,15,36
2017,8,16,46
2017,8,17,57
2017,8,18,54
2017,8,19,52
2017,8,20,38
2017,8,21,33
2017,8,22,46
2017,8,23,53
2017,8,24,53
2017,8,25,46
2017,8,26,34
2017,8,27,33
2017,8,28,47
2017,8,29,61
2017,8,30,42
2017,8,31,46
2017,9,1,36
2017,9,2,59
2017,9,3,55
2017,9,4,50
2017,9,5,51
2017,9,6,52
2017,9,7,45
2017,9,8,40
2017,9,9,30
2017,9,10,57
2017,9,11,56
2017,9,12,64
2017,9,13,70
2017,9,14,59
2017,9,15,60
2017,9,16,54
2017,9,17,40
2017,9,18,33
2017,9,19,47
2017,9,20,48
2017,9,21,37
2017,9,22,47
2017,9,23,57
2017,9,24,57
2017,9,25,53
2017,9,26,53
2017,9,27,65
2017,9,28,58
2017,9,29,58
2017,9,30,41
2017,10,1,45
2017,10,2,55
2017,10,3,58
2017,10,4,51
2017,10,5,50
2017,10,6,54
2017,10,7,62
2017,10,8,54
2017,10,9,52
2017,10,10,38
2017,10,11,38
2017,10,12,37
2017,10,13,49
2017,10,14,42
2017,10,15,64
2017,10,16,56
2017,10,17,54
2017,10,18,58
2017,10,19,61
2017,10,20,71
2017,10,21,66
2017,10,22,70
2017,10,23,60
2017,10,24,68
2017,10,25,74
2017,10,26,60
2017,10,27,65
2017,10,28,57
2017,10,29,47
2017,10,30,39
2017,10,31,36
2017,11,1,63
2017,11,2,56
2017,11,3,54
2017,11,4,46
2017,11,5,44
2017,11,6,44
2017,11,7,50
2017,11,8,49
2017,11,9,47
2017,11,10,43
2017,11,11,43
2017,11,12,48
2017,11,13,44
2017,11,14,51
2017,11,15,48
2017,11,16,65
2017,11,17,53
2017,11,18,54
2017,11,19,48
2017,11,20,55
2017,11,21,52
2017,11,22,61
2017,11,23,46
2017,11,24,29
2017,11,25,38
2017,11,26,38
2017,11,27,31
2017,11,28,34
2017,11,29,42
2017,11,30,30
2017,12,1,41
2017,12,2,45
2017,12,3,42
2017,12,4,51
2017,12,5,58
2017,12,6,55
2017,12,7,44
2017,12,8,43
2017,12,9,28
2017,12,10,60
2017,12,11,56
2017,12,12,58
2017,12,13,57
2017,12,14,56
2017,12,15,59
2017,12,16,55
2017,12,17,53
2017,12,18,50
2017,12,19,50
2017,12,20,55
2017,12,21,57
2017,12,22,55
2017,12,23,46
2017,12,24,34
2017,12,25,38
2017,12,26,38
2017,12,27,42
2017,12,28,35
2017,12,29,45
2017,12,30,41
2017,12,31,32
2018,1,1,25
2018,1,2,23
2018,1,3,44
2018,1,4,43
2018,1,5,39
2018,1,6,56
2018,1,7,56
2018,1,8,45
2018,1,9,52
2018,1,10,46
2018,1,11,28
2018,1,12,19
2018,1,13,23
2018,1,14,32
2018,1,15,30
2018,1,16,39
2018,1,17,37
2018,1,18,43
2018,1,19,48
2018,1,20,47
2018,1,21,44
2018,1,22,39
2018,1,23,44
2018,1,24,41
2018,1,25,36
2018,1,26,45
2018,1,27,40
2018,1,28,40
2018,1,29,42
2018,1,30,51
2018,1,31,54
2018,2,1,49
2018,2,2,40
2018,2,3,41
2018,2,4,51
2018,2,5,55
2018,2,6,54
2018,2,7,55
2018,2,8,58
2018,2,9,66
2018,2,10,64
2018,2,11,61
2018,2,12,65
2018,2,13,54
2018,2,14,49
2018,2,15,57
2018,2,16,61
2018,2,17,58
2018,2,18,64
2018,2,19,59
2018,2,20,50
2018,2,21,54
2018,2,22,50
2018,2,23,46
2018,2,24,44
2018,2,25,38
2018,2,26,47
2018,2,27,54
2018,2,28,49
2018,3,1,47
2018,3,2,41
2018,3,3,41
2018,3,4,48
2018,3,5,39
2018,3,6,46
2018,3,7,48
2018,3,8,39
2018,3,9,48
2018,3,10,46
2018,3,11,54
2018,3,12,55
2018,3,13,55
2018,3,14,54
2018,3,15,54
2018,3,16,53
2018,3,17,49
2018,3,18,44
2018,3,19,43
2018,3,20,48
2018,3,21,59
2018,3,22,53
2018,3,23,47
2018,3,24,47
2018,3,25,57
2018,3,26,45
2018,3,27,42
2018,3,28,46
2018,3,29,57
2018,3,30,55
2018,3,31,63
2018,4,1,67
2018,4,2,64
2018,4,3,61
2018,4,4,61
2018,4,5,58
2018,4,6,58
2018,4,7,56
2018,4,8,55
2018,4,9,50
2018,4,10,54
2018,4,11,53
2018,4,12,54
2018,4,13,41
2018,4,14,48
2018,4,15,57
2018,4,16,43
2018,4,17,46
2018,4,18,45
2018,4,19,44
2018,4,20,48
2018,4,21,42
2018,4,22,57
2018,4,23,54
2018,4,24,50
2018,4,25,56
2018,4,26,55
2018,4,27,59
2018,4,28,56
2018,4,29,56
2018,4,30,40
2018,5,1,51
2018,5,2,55
2018,5,3,65
2018,5,4,65
2018,5,5,51
2018,5,6,62
2018,5,7,58
2018,5,8,53
2018,5,9,44
2018,5,10,38
2018,5,11,43
2018,5,12,46
2018,5,13,43
2018,5,14,46
2018,5,15,40
2018,5,16,42
2018,5,17,60
2018,5,18,48
2018,5,19,48
2018,5,20,69
2018,5,21,63
2018,5,22,57
2018,5,23,60
2018,5,24,45
2018,5,25,47
2018,5,26,49
2018,5,27,40
2018,5,28,43
2018,5,29,43
2018,5,30,55
2018,5,31,57
2018,6,1,52
2018,6,2,55
2018,6,3,70
2018,6,4,51
2018,6,5,48
2018,6,6,57
2018,6,7,57
2018,6,8,60
2018,6,9,61
2018,6,10,62
2018,6,11,56
2018,6,12,57
2018,6,13,47
2018,6,14,47
2018,6,15,42
2018,6,16,47
2018,6,17,49
2018,6,18,43
2018,6,19,40
2018,6,20,47
2018,6,21,56
2018,6,22,60
2018,6,23,30
2018,6,24,44
2018,6,25,40
2018,6,26,48
2018,6,27,47
2018,6,28,40
2018,6,29,30
2018,6,30,31
2018,7,1,34
2018,7,2,39
2018,7,3,33
2018,7,4,44
2018,7,5,47
2018,7,6,62
2018,7,7,56
2018,7,8,52
2018,7,9,51
2018,7,10,44
2018,7,11,43
2018,7,12,50
2018,7,13,62
2018,7,14,67
2018,7,15,62
2018,7,16,65
2018,7,17,62
2018,7,18,63
2018,7,19,65
2018,7,20,62
2018,7,21,58
2018,7,22,48
2018,7,23,59
2018,7,24,62
2018,7,25,58
2018,7,26,47
2018,7,27,55
2018,7,28,63
2018,7,29,65
2018,7,30,56
2018,7,31,61
2018,8,1,52
2018,8,2,38
2018,8,3,51
2018,8,4,58
2018,8,5,56
2018,8,6,58
2018,8,7,67
2018,8,8,56
2018,8,9,57
2018,8,10,57
2018,8,11,62
2018,8,12,60
2018,8,13,62
2018,8,14,57
2018,8,15,59
2018,8,16,66
2018,8,17,58
2018,8,18,61
2018,8,19,68
2018,8,20,59
2018,8,21,56
2018,8,22,56
2018,8,23,56
2018,8,24,54
2018,8,25,48
2018,8,26,31
2018,8,27,58
2018,8,28,62
2018,8,29,61
2018,8,30,48
2018,8,31,42
2018,9,1,54
2018,9,2,60
2018,9,3,51
2018,9,4,50
2018,9,5,60
2018,9,6,59
2018,9,7,64
2018,9,8,60
2018,9,9,53
2018,9,10,50
2018,9,11,61
2018,9,12,40
2018,9,13,55
2018,9,14,61
2018,9,15,62
2018,9,16,62
2018,9,17,61
2018,9,18,56
2018,9,19,60
2018,9,20,64
2018,9,21,46
2018,9,22,45
2018,9,23,54
2018,9,24,61
2018,9,25,58
2018,9,26,59
2018,9,27,60
2018,9,28,57
2018,9,29,62
2018,9,30,59
2018,10,1,59
2018,10,2,58
2018,10,3,66
2018,10,4,58
2018,10,5,62
2018,10,6,63
2018,10,7,56
2018,10,8,49
2018,10,9,56
2018,10,10,49
2018,10,11,54
2018,10,12,34
2018,10,13,35
2018,10,14,48
2018,10,15,50
2018,10,16,62
2018,10,17,58
2018,10,18,50
2018,10,19,47
2018,10,20,46
2018,10,21,59
2018,10,22,62
2018,10,23,50
2018,10,24,51
2018,10,25,63
2018,10,26,72
2018,10,27,66
2018,10,28,55
2018,10,29,48
2018,10,30,50
2018,10,31,46
2018,11,1,44
2018,11,2,52
2018,11,3,54
2018,11,4,53
2018,11,5,46
2018,11,6,45
2018,11,7,27
2018,11,8,36
2018,11,9,52
2018,11,10,63
2018,11,11,50
2018,11,12,36
2018,11,13,35
2018,11,14,46
2018,11,15,54
2018,11,16,57
2018,11,17,47
2018,11,18,52
2018,11,19,45
2018,11,20,56
2018,11,21,43
2018,11,22,39
2018,11,23,46
2018,11,24,44
2018,11,25,48
2018,11,26,45
2018,11,27,46
2018,11,28,49
2018,11,29,50
2018,11,30,40
2018,12,1,34
2018,12,2,27
2018,12,3,30
2018,12,4,46
2018,12,5,40
2018,12,6,40
2018,12,7,45
2018,12,8,42
2018,12,9,44
2018,12,10,34
2018,12,11,39
2018,12,12,36
2018,12,13,36
2018,12,14,30
2018,12,15,38
2018,12,16,31
2018,12,17,38
2018,12,18,44
2018,12,19,52
2018,12,20,45
2018,12,21,42
2018,12,22,50
2018,12,23,62
2018,12,24,64
2018,12,25,57
2018,12,26,47
2018,12,27,41
2018,12,28,51
2018,12,29,48
2018,12,30,52
2018,12,31,37
2019,1,1,34
2019,1,2,43
2019,1,3,57
2019,1,4,49
2019,1,5,66
2019,1,6,50
2019,1,7,40
2019,1,8,40
2019,1,9,42
2019,1,10,42
2019,1,11,35
2019,1,12,41
2019,1,13,44
2019,1,14,44
2019,1,15,47
2019,1,16,44
2019,1,17,36
2019,1,18,24
2019,1,19,42
2019,1,20,49
2019,1,21,45
2019,1,22,39
2019,1,23,38
2019,1,24,55
2019,1,25,55
2019,1,26,55
2019,1,27,49
2019,1,28,38
2019,1,29,45
2019,1,30,43
2019,1,31,44
2019,2,1,47
2019,2,2,42
2019,2,3,42
2019,2,4,46
2019,2,5,48
2019,2,6,42
2019,2,7,49
2019,2,8,50
2019,2,9,48
2019,2,10,45
2019,2,11,42
2019,2,12,42
2019,2,13,47
2019,2,14,40
2019,2,15,47
2019,2,16,41
2019,2,17,49
2019,2,18,52
2019,2,19,50
2019,2,20,50
2019,2,21,47
2019,2,22,47
2019,2,23,50
2019,2,24,47
2019,2,25,53
2019,2,26,41
2019,2,27,41
2019,2,28,53
2019,3,1,54
2019,3,2,49
2019,3,3,49
2019,3,4,56
2019,3,5,56
2019,3,6,58
2019,3,7,50
2019,3,8,57
2019,3,9,60
2019,3,10,48
2019,3,11,54
2019,3,12,45
2019,3,13,53
2019,3,14,52
2019,3,15,54
2019,3,16,54
2019,3,17,54
2019,3,18,58
2019,3,19,56
2019,3,20,55
2019,3,21,53
2019,3,22,49
2019,3,23,67
2019,3,24,56
2019,3,25,62
2019,3,26,53
2019,3,27,53
2019,3,28,62
2019,3,29,55
2019,3,30,55
2019,3,31,66
2019,4,1,54
2019,4,2,50
2019,4,3,52
2019,4,4,40
2019,4,5,45
2019,4,6,51
2019,4,7,52
2019,4,8,47
2019,4,9,51
2019,4,10,55
2019,4,11,62
2019,4,12,56
2019,4,13,57
2019,4,14,45
2019,4,15,45
2019,4,16,37
2019,4,17,54
2019,4,18,60
2019,4,19,55
2019,4,20,59
2019,4,21,60
2019,4,22,51
2019,4,23,59
2019,4,24,47
2019,4,25,58
2019,4,26,58
2019,4,27,38
2019,4,28,47
2019,4,29,54
2019,4,30,48
2019,5,1,61
2019,5,2,63
2019,5,3,75
2019,5,4,60
2019,5,5,59
2019,5,6,34
2019,5,7,44
2019,5,8,48
2019,5,9,48
2019,5,10,48
2019,5,11,61
2019,5,12,59
2019,5,13,57
2019,5,14,59
2019,5,15,54
2019,5,16,44
2019,5,17,49
2019,5,18,48
2019,5,19,38
2019,5,20,52
2019,5,21,41
2019,5,22,51
2019,5,23,41
2019,5,24,41
2019,5,25,32
2019,5,26,29
2019,5,27,31
2019,5,28,29
2019,5,29,34
2019,5,30,40
2019,5,31,41
2019,6,1,42
2019,6,2,37
2019,6,3,42
2019,6,4,46
2019,6,5,39
2019,6,6,42
2019,6,7,37
2019,6,8,53
2019,6,9,41
2019,6,10,45
2019,6,11,41
2019,6,12,26
2019,6,13,33
2019,6,14,31
2019,6,15,32
2019,6,16,39
2019,6,17,28
2019,6,18,35
2019,6,19,44
2019,6,20,38
2019,6,21,42
2019,6,22,38
2019,6,23,35
2019,6,24,34
2019,6,25,56
2019,6,26,54
2019,6,27,59
2019,6,28,47
2019,6,29,56
2019,6,30,53
2019,7,1,50
2019,7,2,55
2019,7,3,60
2019,7,4,62
2019,7,5,52
2019,7,6,42
2019,7,7,47
2019,7,8,47
2019,7,9,50
2019,7,10,50
2019,7,11,47
2019,7,12,46
2019,7,13,46
2019,7,14,47
2019,7,15,55
2019,7,16,56
2019,7,17,57
2019,7,18,56
2019,7,19,52
2019,7,20,52
2019,7,21,55
2019,7,22,45
2019,7,23,42
2019,7,24,50
2019,7,25,52
2019,7,26,51
2019,7,27,52
2019,7,28,52
2019,7,29,52
2019,7,30,58
2019,7,31,61
2019,8,1,56
2019,8,2,57
2019,8,3,55
2019,8,4,54
2019,8,5,56
2019,8,6,66
2019,8,7,64
2019,8,8,65
2019,8,9,65
2019,8,10,64
2019,8,11,61
2019,8,12,58
2019,8,13,59
2019,8,14,55
2019,8,15,58
2019,8,16,57
2019,8,17,61
2019,8,18,61
2019,8,19,54
2019,8,20,59
2019,8,21,59
2019,8,22,56
2019,8,23,27
2019,8,24,57
2019,8,25,59
2019,8,26,74
2019,8,27,59
2019,8,28,58
2019,8,29,57
2019,8,30,58
2019,8,31,56
2019,9,1,63
2019,9,2,63
2019,9,3,63
2019,9,4,60
2019,9,5,63
2019,9,6,66
2019,9,7,69
2019,9,8,68
2019,9,9,77
2019,9,10,92
2019,9,11,72
2019,9,12,78
2019,9,13,91
2019,9,14,94
2019,9,15,106
2019,9,16,78
2019,9,17,96
2019,9,18,120
2019,9,19,109
2019,9,20,63
2019,9,21,99
2019,9,22,112
2019,9,23,106
2019,9,24,88
2019,9,25,64
2019,9,26,65
2019,9,27,71
2019,9,28,72
2019,9,29,72
2019,9,30,50
2019,10,1,61
2019,10,2,60
2019,10,3,58
2019,10,4,47
2019,10,5,45
2019,10,6,53
2019,10,7,54
2019,10,8,54
